{"cameraMode":{"drawMode":0,"name":"Shaded","section":"Shading Mode"},"sceneLighting":true,"audioPlay":false,"sceneViewState":{"m_AlwaysRefresh":false,"showFog":true,"showSkybox":true,"showFlares":true,"showImageEffects":true,"showParticleSystems":true,"showVisualEffectGraphs":true,"m_FxEnabled":true},"in2DMode":false,"pivot":{"x":1.3622217178344727,"y":13.629852294921875,"z":-9.678122520446778},"rotation":{"x":-0.38650646805763247,"y":0.015763241797685624,"z":-0.006607576739042997,"w":-0.9221369028091431},"size":9.64263916015625,"orthographic":true}